Manual Review,Score,Datascape ID,Datascape Name,BASE Name,BASE QID,BASE Projects
,1,2,Olga Adorno,Olga Adorno,Q19493,E.A.T. Knowledge Graph Project
,1,5,Jim Anderson,Jim Anderson,Q23537,E.A.T. Knowledge Graph Project
,1,6,Carl Andre,Carl Andre,Q19199,E.A.T. Knowledge Graph Project
,1,8,Becky Arnold,Becky Arnold,Q19171,E.A.T. Knowledge Graph Project
,1,10,Margaretha Asberg,Margaretha Asberg,Q24688,E.A.T. Knowledge Graph Project
X,0.9095238095,11,Michel Auder,Michael Butler,Q329,Linked Jazz Oral History Network
,1,16,Max Baker,Max Baker,Q19442,E.A.T. Knowledge Graph Project
,1,17,Jared Bark,Jared Bark,Q24477,E.A.T. Knowledge Graph Project
,1,19,David Behrman,David Behrman,Q19228,E.A.T. Knowledge Graph Project
,1,20,Per Biorn,Per Biorn,Q19508,E.A.T. Knowledge Graph Project
X,0.9222943723,21,Joseph Block,Joseph Pollock,Q20911,Local 496
X,0.9384615385,24,George Brecht,George French,Q20819,Local 496
,1,25,Frances Breer,Frances Breer,Q22338,E.A.T. Knowledge Graph Project
,1,26,Franny Breer,Franny Breer,Q19281,E.A.T. Knowledge Graph Project
,1,27,Robert Breer,Robert Breer,Q19550,E.A.T. Knowledge Graph Project
X,0.9205128205,28,Herbert Brill,Herbert Blue,Q173,Linked Jazz Oral History Network
,1,30,Carolyn Brown,Carolyn Brown,Q19202,E.A.T. Knowledge Graph Project
,1,31,Trisha Brown,Trisha Brown,Q19643,E.A.T. Knowledge Graph Project
,0.9833333333,32,Soren Brune,Soren Brunes,Q19600,E.A.T. Knowledge Graph Project
,1,33,Gloria Bryant,Gloria Bryant,Q19295,E.A.T. Knowledge Graph Project
,1,34,Ritty Burchfield,Ritty Burchfield,Q24418,E.A.T. Knowledge Graph Project
,1,35,John Cage,John Cage,Q724,"E.A.T. Knowledge Graph Project,Linked Jazz Oral History Network"
,1,36,Irfan Camlibel,Irfan Camlibel,Q19325,E.A.T. Knowledge Graph Project
X,0.9020979021,37,George Carr,George Barnes,Q785,Linked Jazz Oral History Network
,1,38,Leo Castelli,Leo Castelli,Q19399,E.A.T. Knowledge Graph Project
,0.9410130719,39,Rosemarie Castoro,Rose Marie Castoro,Q19568,E.A.T. Knowledge Graph Project
X,0.9012820513,40,John Chamberlain,John Chandler,Q21325,E.A.T. Bibliography Project
,1,42,Remy Charlip,Remy Charlip,Q24448,E.A.T. Knowledge Graph Project
X,0.9279487179,43,Robert Cheney,Robert Benchley,Q1059,Linked Jazz Oral History Network
,1,44,Lucinda Childs,Lucinda Childs,Q19418,E.A.T. Knowledge Graph Project
,0.9571428571,46,Cecil H. Coker,Cecil Coker,Q19204,E.A.T. Knowledge Graph Project
X,0.9158974359,47,Richard Collins,Richard Jones,Q20850,Local 496
X,1,48,Ralph Cooper,Ralph Cooper,Q1571,Linked Jazz Oral History Network
X,0.9054545455,49,Robert Cox,Robert Culp,Q1893,Linked Jazz Oral History Network
X,0.9095238095,50,Robert Creeley,Robert Breer,Q19550,E.A.T. Knowledge Graph Project
,1,51,Lowell Cross,Lowell Cross,Q24188,E.A.T. Knowledge Graph Project
,1,52,Pete Cumminski,Pete Cumminski,Q19511,E.A.T. Knowledge Graph Project
,1,53,Merce Cunningham,Merce Cunningham,Q19448,E.A.T. Knowledge Graph Project
,1,54,Sandy Daley,Sandy Daley,Q22369,E.A.T. Knowledge Graph Project
X,0.9214141414,55,David Davis,David Diao,Q25410,Asian American Arts Centre Exhibition History
,1,57,William Davis,William Davis,Q19672,E.A.T. Knowledge Graph Project
,0.9666666667,61,Suzanne De Maria,Susanne De Maria,Q24192,E.A.T. Knowledge Graph Project
X,0.9067307692,63,Richard Demierre,Richard Serra,Q19546,E.A.T. Knowledge Graph Project
,1,66,Ken Dewey,Ken Dewey,Q24193,E.A.T. Knowledge Graph Project
,1,69,Jim Dine,Jim Dine,Q19346,E.A.T. Knowledge Graph Project
,1,72,Judith Doty,Judith Doty,Q23215,E.A.T. Knowledge Graph Project
,1,74,Jean Dupuy,Jean Dupuy,Q26356,E.A.T. Knowledge Graph Project
X,0.9095238095,76,George Edwards,George Adams,Q454,Linked Jazz Oral History Network
,1,78,Letty Lou Eisenhauer,Letty Lou Eisenhauer,Q19405,E.A.T. Knowledge Graph Project
,1,79,June Ekman,June Ekman,Q19372,E.A.T. Knowledge Graph Project
,0.975,84,Barbro Fahlström,Barbro Fahlstrom,Q19168,E.A.T. Knowledge Graph Project
,1,85,Öyvind Fahlström,Öyvind Fahlström,Q19497,"E.A.T. Knowledge Graph Project,E.A.T. Bibliography Project"
X,0.9272727273,88,Bill Finley,Bill Bailey,Q1143,Linked Jazz Oral History Network
,1,90,Dan Flavin,Dan Flavin,Q24683,E.A.T. Knowledge Graph Project
,1,91,Ralph Flynn,Ralph Flynn,Q19536,E.A.T. Knowledge Graph Project
X,0.9136363636,92,John Forkner,John Forbes,Q21326,E.A.T. Bibliography Project
,1,93,Simone Forti,Simone Forti,Q19594,"E.A.T. Knowledge Graph Project,E.A.T. Bibliography Project"
,1,99,Elsa Garmire,Elsa Garmire,Q24447,E.A.T. Knowledge Graph Project
X,0.9020979021,100,Walter Gelb,Walter Fields,Q25380,Asian American Arts Centre Exhibition History
,1,101,John Giorno,John Giorno,Q19358,E.A.T. Knowledge Graph Project
,1,102,Grace Glueck,Grace Glueck,Q20612,E.A.T. Bibliography Project
,1,103,Bruce Glushakow,Bruce Glushakow,Q19189,E.A.T. Knowledge Graph Project
,0.9833333333,104,Antony Gnazzo,Anthony Gnazzo,Q19145,E.A.T. Knowledge Graph Project
,1,105,Rubin Gorewitz,Rubin Gorewitz,Q19571,E.A.T. Knowledge Graph Project
,1,106,Tom Gormley,Tom Gormley,Q19635,E.A.T. Knowledge Graph Project
,0.9714285714,107,Rubin Gorowitz,Rubin Gorewitz,Q19571,E.A.T. Knowledge Graph Project
X,0.9038095238,108,Alphonsus Grant,Alphonse Trent,Q1665,Linked Jazz Oral History Network
,1,110,Red Grooms,Red Grooms,Q19538,E.A.T. Knowledge Graph Project
,1,111,Hans Haacke,Hans Haacke,Q24387,E.A.T. Knowledge Graph Project
X,0.9555555556,114,Jim Hardy,Jim Jardy,Q19347,E.A.T. Knowledge Graph Project
X,1,116,Harry Harper,Harry Harper,Q24426,E.A.T. Knowledge Graph Project
X,0.9248484848,118,John Harris,Joe Harris,Q388,Linked Jazz Oral History Network
,1,119,Carla Harrison,Carla Harrison,Q24423,E.A.T. Knowledge Graph Project
,1,120,Bill Hartig,Bill Hartig,Q19178,E.A.T. Knowledge Graph Project
,1,123,Alex Hay,Alex Hay,Q19124,E.A.T. Knowledge Graph Project
,1,124,Deborah Hay,Deborah Hay,Q19235,E.A.T. Knowledge Graph Project
X,0.9263736264,125,Richard Haymes,Richard Payne,Q20906,Local 496
,1,126,Margaret Hecht,Margaret Hecht,Q19430,E.A.T. Knowledge Graph Project
,1,127,Larry Heilos,Larry Heilos,Q19392,E.A.T. Knowledge Graph Project
,1,128,Richard Hennessy,Richard Hennessy,Q19544,E.A.T. Knowledge Graph Project
,0.9647058824,129,John Hightower,John B. Hightower,Q19353,E.A.T. Knowledge Graph Project
,1,133,Peter Hirsch,Peter Hirsch,Q19513,E.A.T. Knowledge Graph Project
X,0.9,134,James Hobart,James Carter,Q20744,Local 496
,1,136,Harold Hodges,Harold Hodges,Q19305,E.A.T. Knowledge Graph Project
,1,143,Toshi Ichiyanagi,Toshi Ichiyanagi,Q19641,E.A.T. Knowledge Graph Project
,1,146,Ed Iverson,Ed Iverson,Q19247,E.A.T. Knowledge Graph Project
,1,147,Kathy Iverson,Kathy Iverson,Q19376,E.A.T. Knowledge Graph Project
,1,150,Jasper Johns,Jasper Johns,Q19338,E.A.T. Knowledge Graph Project
X,0.9404761905,153,Howard Jones,Howard Johnson,Q1318,Linked Jazz Oral History Network
X,0.9011764706,154,Elizabeth Joyce,Elizabeth Johnson,Q20711,Women of Jazz
,1,155,Donald Judd,Donald Judd,Q19241,E.A.T. Knowledge Graph Project
,1,156,Julie Judd,Julie Judd,Q19370,E.A.T. Knowledge Graph Project
X,0.9136363636,157,Nancy Kahan,Nancy Reagan,Q599,Linked Jazz Oral History Network
,1,159,Bill Kaminski,Bill Kaminski,Q19179,E.A.T. Knowledge Graph Project
,1,160,Mimi Kanarek,Mimi Kanarek,Q19455,E.A.T. Knowledge Graph Project
,1,161,Allan Kaprow,Allan Kaprow,Q19133,E.A.T. Knowledge Graph Project
,1,163,Ellsworth Kelly,Ellsworth Kelly,Q24682,E.A.T. Knowledge Graph Project
X,0.9095238095,164,Robert Kelly,Robert Kennedy,Q22666,E.A.T. Knowledge Graph Project
,1,167,Theodore W. Kheel,Theodore W. Kheel,Q19628,E.A.T. Knowledge Graph Project
,1,169,Michael Kirby,Michael Kirby,Q19452,E.A.T. Knowledge Graph Project
,0.9666666667,170,Billy Kluver,Billy Klüver,Q19180,E.A.T. Knowledge Graph Project
,1,174,Kosugi,Kosugi,Q19385,E.A.T. Knowledge Graph Project
,0.9272727273,176,Jill Krauskopf,Jill Krauskopf Gellene,Q24443,E.A.T. Knowledge Graph Project
,1,177,John Krauskopf,John Krauskopf,Q24435,E.A.T. Knowledge Graph Project
,1,182,Alfred Kurchin,Alfred Kurchin,Q19129,E.A.T. Knowledge Graph Project
,1,185,La Monte Young,La Monte Young,Q24478,E.A.T. Knowledge Graph Project
X,0.9067307692,186,Stanley Landsman,Stanley Banks,Q22277,Linking Lost Jazz Shrines
,1,187,Jacqueline Leavitt,Jacqueline Leavitt,Q19331,E.A.T. Knowledge Graph Project
,1,189,Larry Leitch,Larry Leitch,Q19393,E.A.T. Knowledge Graph Project
,1,190,Les Levine,Les Levine,Q19403,E.A.T. Knowledge Graph Project
,1,192,Jeffrey Lew,Jeffrey Lew,Q24432,E.A.T. Knowledge Graph Project
,1,193,Roy Lichtenstein,Roy Lichtenstein,Q19570,E.A.T. Knowledge Graph Project
X,0.9142857143,194,Robert Lippman,Robert Whitman,Q19558,E.A.T. Knowledge Graph Project
,1,195,Benjamin Lloyd,Benjamin Lloyd,Q19175,E.A.T. Knowledge Graph Project
,1,196,Vernon Lobb,Vernon Lobb,Q19655,E.A.T. Knowledge Graph Project
X,0.9022727273,201,Mary Lucier,Mary Lum,Q25355,Asian American Arts Centre Exhibition History
X,0.9047619048,202,Len Lye,Len Lyons,Q647,Linked Jazz Oral History Network
,1,203,Ulla Lyttkens,Ulla Lyttkens,Q19647,E.A.T. Knowledge Graph Project
,1,204,David MacDermott,David MacDermott,Q21248,E.A.T. Bibliography Project
,1,206,Julie Magura,Julie Magura,Q24437,E.A.T. Knowledge Graph Project
X,0.9111111111,208,Ellen Marcus,Ellen Pau,Q25225,Asian American Arts Centre Exhibition History
X,0.9147619048,211,Anthony Martin,Anthony Braxton,Q718,Linked Jazz Oral History Network
,1,212,Julie Martin,Julie Martin,Q19371,E.A.T. Knowledge Graph Project
,1,216,Max Mathews,Max Mathews,Q19443,E.A.T. Knowledge Graph Project
,1,217,Jacqueline Matisse Monnier,Jacqueline Matisse Monnier,Q24686,E.A.T. Knowledge Graph Project
X,0.9208333333,219,Robert McFarland,Robert Fagan,Q19554,E.A.T. Knowledge Graph Project
,1,220,Jim McGee,Jim McGee,Q19348,E.A.T. Knowledge Graph Project
,0.91,222,Thomas Mee,Tom Mee,Q19636,E.A.T. Knowledge Graph Project
X,0.9202797203,225,Robert Merkle,Robert Wesler,Q24971,Asian American Arts Centre Exhibition History
X,0.9147619048,226,Theodore Michel,Theodore Riley,Q20921,Local 496
X,0.91,227,Yoshiaki Mihara,Yoshiki Mira,Q22415,Linking Lost Jazz Shrines
,1,228,Gil Miller,Gil Miller,Q19294,E.A.T. Knowledge Graph Project
,1,233,Meredith Monk,Meredith Monk,Q19450,E.A.T. Knowledge Graph Project
X,0.9272727273,234,Robert Moog,Robert Wood,Q19559,E.A.T. Knowledge Graph Project
X,0.9428571429,235,Russell Mooney,Russell Malone,Q1764,"Linking Lost Jazz Shrines,Linked Jazz Oral History Network"
X,0.9384615385,236,Robert Morris,Robert Harris,Q1122,Linked Jazz Oral History Network
X,0.9118181818,239,Robert Mulreany,Robert Henry,Q21354,E.A.T. Bibliography Project
,1,240,Gordon Mumma,Gordon Mumma,Q24187,E.A.T. Knowledge Graph Project
,1,241,Toby Mussman,Toby Mussman,Q19633,E.A.T. Knowledge Graph Project
,1,242,Forrest Myers,Forrest Myers,Q24409,E.A.T. Knowledge Graph Project
,1,248,Fujiko Nakaya,Fujiko Nakaya,Q19283,E.A.T. Knowledge Graph Project
,1,250,Irina Nakhova,Irina Nakhova,Q24699,E.A.T. Knowledge Graph Project
X,0.9,256,David Novros,David Gordon,Q19231,E.A.T. Knowledge Graph Project
,1,261,Claes Oldenburg,Claes Oldenburg,Q19215,E.A.T. Knowledge Graph Project
,1,263,Larry Owens,Larry Owens,Q19394,E.A.T. Knowledge Graph Project
,1,265,Nam June Paik,Nam June Paik,Q19472,"E.A.T. Knowledge Graph Project,Asian American Arts Centre Exhibition History"
X,0.9232323232,266,John W. Pan,John Wang,Q25093,Asian American Arts Centre Exhibition History
,1,267,Steve Paxton,Steve Paxton,Q19606,E.A.T. Knowledge Graph Project
,1,268,John Pearce,John Pearce,Q24417,E.A.T. Knowledge Graph Project
X,0.9109090909,271,Alain Peron,Alan Posner,Q19842,E.A.T. Knowledge Graph Project
X,0.9205128205,272,Herbert Perr,Herbert Leary,Q20874,Local 496
,1,274,Rose Petrock,Rose Petrock,Q19569,E.A.T. Knowledge Graph Project
,1,275,Ardison Phillips,Ardison Phillips,Q24416,E.A.T. Knowledge Graph Project
,1,276,Renzo Piano,Renzo Piano,Q19539,E.A.T. Knowledge Graph Project
,1,279,Clark Poling,Clark Poling,Q19216,E.A.T. Knowledge Graph Project
,1,281,Peter Poole,Peter Poole,Q19515,E.A.T. Knowledge Graph Project
,1,284,Nicholas Quennell,Nicholas Quennell,Q22374,E.A.T. Knowledge Graph Project
X,0.92,285,Charles Quigley,Charles Fairley,Q20811,Local 496
,1,286,Yvonne Rainer,Yvonne Rainer,Q19677,E.A.T. Knowledge Graph Project
,1,287,Christopher Rauschenberg,Christopher Rauschenberg,Q23201,E.A.T. Knowledge Graph Project
,1,288,Robert Rauschenberg,Robert Rauschenberg,Q19556,E.A.T. Knowledge Graph Project
,1,289,Eric Rawson,Eric Rawson,Q22657,E.A.T. Knowledge Graph Project
,0.9846153846,290,Kate Redicker,Kate Rediker,Q24433,E.A.T. Knowledge Graph Project
,0.9571428571,291,Terry Riley,Terry M. Riley,Q19617,E.A.T. Knowledge Graph Project
X,0.9,292,Larry Rivers,Larry Ridley,Q18981,Linking Lost Jazz Shrines
X,0.9282783883,293,Robby Robinson,Robbie Robinson,Q1377,Linked Jazz Oral History Network
,1,294,Richard Rogers,Richard Rogers,Q19545,E.A.T. Knowledge Graph Project
,1,296,James Rosenquist,James Rosenquist,Q24186,E.A.T. Knowledge Graph Project
X,0.9095238095,297,Charles Ross,Charles Thomas,Q982,Linked Jazz Oral History Network
,1,298,Ernst Rothkopf,Ernst Rothkopf,Q19260,E.A.T. Knowledge Graph Project
,0.95,299,John L. Ryde,John Ryde,Q24422,E.A.T. Knowledge Graph Project
,1,300,Eric Saarinen,Eric Saarinen,Q24462,E.A.T. Knowledge Graph Project
,1,301,Lucas Samaras,Lucas Samaras,Q19415,E.A.T. Knowledge Graph Project
,1,304,Vikram Sarabhai,Vikram Sarabhai,Q19657,E.A.T. Knowledge Graph Project
,1,305,Masanaka Sato,Masanaka Sato,Q23511,E.A.T. Knowledge Graph Project
X,0.9005128205,306,Robert Savage,Robert Fagan,Q19554,E.A.T. Knowledge Graph Project
,1,309,Alfons Schilling,Alfons Schilling,Q19127,E.A.T. Knowledge Graph Project
,1,310,Joe Schlichter,Joe Schlichter,Q19351,E.A.T. Knowledge Graph Project
,1,311,Herb Schneider,Herb Schneider,Q19312,E.A.T. Knowledge Graph Project
,0.9262745098,313,Manfred Schroeder,Manfred Schneider,Q24690,E.A.T. Knowledge Graph Project
,1,315,Barbro Schultz Lundestam,Barbro Schultz Lundestam,Q24440,E.A.T. Knowledge Graph Project
,1,317,George Segal,George Segal,Q19292,E.A.T. Knowledge Graph Project
,1,319,Richard Serra,Richard Serra,Q19546,E.A.T. Knowledge Graph Project
X,0.9384615385,327,Joseph Slater,Joseph Sterch,Q26376,E.A.T. Knowledge Graph Project
X,0.9095238095,328,Michael Snow,Michael Howard,Q18996,Linking Lost Jazz Shrines
,1,330,Alan Solomon,Alan Solomon,Q24180,E.A.T. Knowledge Graph Project
,1,332,Hedi Sorger,Hedi Sorger,Q24441,E.A.T. Knowledge Graph Project
X,0.9076923077,333,Raphaël Sorin,Raphael Soyer,Q24960,Asian American Arts Centre Exhibition History
,1,339,Frank Stella,Frank Stella,Q19280,E.A.T. Knowledge Graph Project
,0.91,340,Sigvard Stenlund,Sigvard Strandh,Q19591,E.A.T. Knowledge Graph Project
,1,343,Marjorie Strider,Marjorie Strider,Q19434,E.A.T. Knowledge Graph Project
X,0.9055555556,346,David Stuart,David Stone Martin,Q1179,Linked Jazz Oral History Network
,1,347,Elaine Sturtevant,Elaine Sturtevant,Q23213,E.A.T. Knowledge Graph Project
,1,348,Carol Summers,Carol Summers,Q19200,E.A.T. Knowledge Graph Project
,1,349,Simone Swan,Simone Swan,Q19595,E.A.T. Knowledge Graph Project
,1,354,Sachiko Tamai,Sachiko Tamai,Q24421,E.A.T. Knowledge Graph Project
,0.9833333333,359,James Tenney,James Tenny,Q19333,E.A.T. Knowledge Graph Project
,1,361,David Thomas,David Thomas,Q24407,E.A.T. Knowledge Graph Project
,1,362,Jean Tinguely,Jean Tinguely,Q19339,E.A.T. Knowledge Graph Project
,1,363,Jennifer Tipton,Jennifer Tipton,Q19341,E.A.T. Knowledge Graph Project
,1,364,Yoshiaki Tono,Yoshiaki Tono,Q21235,"E.A.T. Knowledge Graph Project,E.A.T. Bibliography Project"
X,0.9020979021,365,Yoshio Tsukio,Yoshiaki Tono,Q21235,"E.A.T. Knowledge Graph Project,E.A.T. Bibliography Project"
,1,366,David Tudor,David Tudor,Q19233,E.A.T. Knowledge Graph Project
,0.9466666667,371,Stan VanDerBeek,Stan Vanderbeek,Q22659,E.A.T. Knowledge Graph Project
,0.9764705882,372,Lowell Van't Slot,Lowell Van’t Slot,Q24461,E.A.T. Knowledge Graph Project
,0.9647058824,374,Fred Waldhauer,Fred D. Waldhauer,Q19282,E.A.T. Knowledge Graph Project
,1,375,Andy Warhol,Andy Warhol,Q19143,"Linking Lost Jazz Shrines,E.A.T. Knowledge Graph Project"
X,0.9096153846,376,Alexander Warren,Alexander Calder,Q19126,E.A.T. Knowledge Graph Project
X,0.9136363636,377,Peter Warren,Peter Haron,Q26329,E.A.T. Knowledge Graph Project
,1,379,Martin Wazowicz,Martin Wazowicz,Q19438,E.A.T. Knowledge Graph Project
X,0.9136363636,380,John Wesley,John Dempsey,Q25451,Asian American Arts Centre Exhibition History
,1,381,Tom Wesselmann,Tom Wesselmann,Q19637,E.A.T. Knowledge Graph Project
,1,382,David White,David White,Q19234,E.A.T. Knowledge Graph Project
,1,383,Robert Whitman,Robert Whitman,Q19558,E.A.T. Knowledge Graph Project
X,0.9692307692,384,David Whitney,David White,Q19234,E.A.T. Knowledge Graph Project
,1,385,Ulla Wiggen,Ulla Wiggen,Q19648,E.A.T. Knowledge Graph Project
,1,387,Christine Williams,Christine Williams,Q23200,E.A.T. Knowledge Graph Project
X,0.9020979021,388,Robert Wilson,Robert Wood,Q19559,E.A.T. Knowledge Graph Project
,1,389,Witt Wittnebert,Witt Wittnebert,Q19673,E.A.T. Knowledge Graph Project
,1,390,Dick Wolff,Dick Wolff,Q19238,E.A.T. Knowledge Graph Project
,1,393,Robert Wood,Robert Wood,Q19559,E.A.T. Knowledge Graph Project
,0.9789473684,395,Katsuhlro Yamaguchi,Katsuhiro Yamaguchi,Q21332,E.A.T. Bibliography Project
,1,397,Lucy Jackson Young,Lucy Jackson Young,Q24712,E.A.T. Knowledge Graph Project
,0.9785714286,398,Niels O. Young,Neils O. Young,Q24713,E.A.T. Knowledge Graph Project
,0.9098901099,399,Marian Zazeela,Marion Zazeela,Q24434,E.A.T. Knowledge Graph Project
X,0.9222222222,403,Andy Warhol Museum,Andy Warhol,Q19143,"Linking Lost Jazz Shrines,E.A.T. Knowledge Graph Project"
,1,411,Brooklyn Museum,Brooklyn Museum,Q19188,"Linking Lost Jazz Shrines,E.A.T. Knowledge Graph Project"
,1,435,Judson Dance Theater,Judson Dance Theater,Q19368,E.A.T. Knowledge Graph Project
X,0.92,436,Leo Castelli Gallery,Leo Castelli,Q19399,E.A.T. Knowledge Graph Project
,1,442,Merce Cunningham Dance Company,Merce Cunningham Dance Company,Q19449,E.A.T. Knowledge Graph Project
,0.912,444,"Moderna Museet, Stockholm",Moderna Museet,Q19461,E.A.T. Knowledge Graph Project
,0.9435897436,450,"National Institute of Design, Ahmedabad",National Institute of Design,Q24625,E.A.T. Knowledge Graph Project
X,0.9085714286,452,National Institute of Mental Health,National Institute of Design,Q24625,E.A.T. Knowledge Graph Project
,0.9684210526,453,Nehru Foundation for Development (NFD),Nehru Foundation for Development,Q21344,E.A.T. Bibliography Project
,1,454,New York State Council on the Arts,New York State Council on the Arts,Q19484,"Linking Lost Jazz Shrines,E.A.T. Knowledge Graph Project"
,0.9636363636,457,"Nuclear Research Associates, Inc.",Nuclear Research Associates,Q26767,E.A.T. Knowledge Graph Project
,1,466,Solomon R. Guggenheim Museum,Solomon R. Guggenheim Museum,Q19598,E.A.T. Knowledge Graph Project
,0.9185185185,468,"Stedelijk Museum, Amsterdam",Stedelijk Museum,Q19604,E.A.T. Knowledge Graph Project
,0.9857142857,483,Trisha Brown Dance Company,Trisha Brown's Dance Company,Q25733,E.A.T. Knowledge Graph Project
X,0.9263736264,499,Meredith Morse,Meredith Monk,Q19450,E.A.T. Knowledge Graph Project
,0.92,501,Sveriges Radio Television,Sveriges Radios,Q19611,E.A.T. Knowledge Graph Project
X,0.9038095238,507,Anthony Tadona,Anthony Braxton,Q718,Linked Jazz Oral History Network
X,0.9136363636,509,Robert Coops,Robert Culp,Q1893,Linked Jazz Oral History Network
X,0.9263736264,510,Richard Deaver,Richard Davis,Q736,"Linking Lost Jazz Shrines,Linked Jazz Oral History Network"
,1,515,Warren Brodey,Warren Brodey,Q19664,E.A.T. Knowledge Graph Project
,0.9340350877,516,Jacob K. Javits,Jacob Koppel Javits,Q19330,E.A.T. Knowledge Graph Project
,1,517,Herman D. Kenin,Herman D. Kenin,Q19313,E.A.T. Knowledge Graph Project
,0.9625,518,Edwin Langsam,Edwin S. Langsam,Q19248,E.A.T. Knowledge Graph Project
X,0.9636363636,519,John Pierce,John Pearce,Q24417,E.A.T. Knowledge Graph Project
X,0.9158974359,526,Norman Nelson,Norman Peterson,Q26299,E.A.T. Knowledge Graph Project
,0.9666666667,537,Herwig W. Kogelnik,Herwig Kogelnik,Q22685,E.A.T. Knowledge Graph Project
,0.975,539,Institute of Electrical and Electronics Engineers (IEEE),Institute of Electrical and Electronics Engineers,Q19324,E.A.T. Knowledge Graph Project
X,0.959047619,543,Thomas Buechner,Thomas Buehler,Q19630,E.A.T. Knowledge Graph Project
,1,545,David MacDermott,David MacDermott,Q21248,E.A.T. Bibliography Project
,0.9866666667,573,Calvin Tomkins,Calvin Tompkins,Q19195,E.A.T. Knowledge Graph Project
,1,577,Smithsonian Institution,Smithsonian Institution,Q22470,Linking Lost Jazz Shrines
,0.9608695652,591,Massachusetts Institute of Technology (M.I.T.),Massachusetts Institute of Technology,Q19439,E.A.T. Knowledge Graph Project
X,0.9205128205,603,Kenneth Clark,Kenny Clarke,Q361,"Linking Lost Jazz Shrines,Linked Jazz Oral History Network"
,1,604,Lane Kirkland,Lane Kirkland,Q19389,E.A.T. Knowledge Graph Project
X,0.9046753247,608,Jerome Wiesner,Jerome Kern,Q721,Linked Jazz Oral History Network
,1,615,Barbara Rose,Barbara Rose,Q21292,"E.A.T. Knowledge Graph Project,E.A.T. Bibliography Project"
,1,616,Nilo Lindgren,Nilo Lindgren,Q21345,E.A.T. Bibliography Project
,1,617,Alice Schwebke,Alice Schwebke,Q19132,E.A.T. Knowledge Graph Project
,1,618,Jeff Strickler,Jeff Strickler,Q19340,E.A.T. Knowledge Graph Project
,0.9045112782,619,Nancy Rose Chandler,Nancy Chandler,Q19473,E.A.T. Knowledge Graph Project
,1,620,Barbara Jarvis,Barbara Jarvis,Q19167,E.A.T. Knowledge Graph Project
,1,621,David Long,David Long,Q19232,E.A.T. Knowledge Graph Project
,1,624,Jay Bell,Jay Bell,Q22670,E.A.T. Knowledge Graph Project
,0.9187280702,625,Franklin Königsberg,Frank Konigsberg,Q19278,E.A.T. Knowledge Graph Project
X,0.9054545455,626,Chuck Ross,Chuck Close,Q19210,E.A.T. Knowledge Graph Project
X,0.9082251082,628,"University of St. Thomas, Houston",University of Houston,Q25762,E.A.T. Knowledge Graph Project
,1,631,Carolee Schneemann,Carolee Schneemann,Q19201,E.A.T. Knowledge Graph Project
,1,634,Richard Bellamy,Richard Bellamy,Q19542,E.A.T. Knowledge Graph Project
,0.9625,635,Walter H. Allner,Walter Allner,Q19661,E.A.T. Knowledge Graph Project
,1,636,Buckminster Fuller,Buckminster Fuller,Q19190,E.A.T. Knowledge Graph Project
,1,637,Gyorgy Kepes,Gyorgy Kepes,Q19300,E.A.T. Knowledge Graph Project
,1,638,Paul A. Lepercq,Paul A. Lepercq,Q19502,E.A.T. Knowledge Graph Project
,0.9625,639,Francis A. Mason,Francis Mason,Q19276,E.A.T. Knowledge Graph Project
,1,640,Jerald Ordover,Jerald Ordover,Q19342,E.A.T. Knowledge Graph Project
,1,641,Seymour Schweber,Seymour Schweber,Q19588,E.A.T. Knowledge Graph Project
,1,643,Robert O. Anderson,Robert O. Anderson,Q19555,E.A.T. Knowledge Graph Project
,1,644,Alfred H. Barr,Alfred H. Barr,Q19128,E.A.T. Knowledge Graph Project
X,0.9078862314,645,Richard P. Brandt,Richard Strnad,Q26817,E.A.T. Knowledge Graph Project
,1,646,Philip C. Johnson,Philip C. Johnson,Q19517,E.A.T. Knowledge Graph Project
,1,648,Walter W. Straley,Walter W. Straley,Q19663,E.A.T. Knowledge Graph Project
,1,649,Harry Van Arsdale,Harry Van Arsdale,Q19308,E.A.T. Knowledge Graph Project
,0.9777777778,651,Rudolph  Burkhardt,Rudolph Burckhardt,Q22644,E.A.T. Knowledge Graph Project
X,0.9205128205,652,Andrew Forge,Andrew Morgan,Q20777,Local 496
X,0.9008547009,663,John Mirageas,John Cage,Q724,"E.A.T. Knowledge Graph Project,Linked Jazz Oral History Network"
X,0.9416666667,673,Mary Bean,Marty Berman,Q1279,Linked Jazz Oral History Network
X,0.91,674,William S. Bean,William G. Brown,Q20983,Local 496
X,0.9156643357,682,Howard Berg,Howard Burley,Q1139,Linked Jazz Oral History Network
,0.9146853147,694,Carol Brown,Carolyn Brown,Q19202,E.A.T. Knowledge Graph Project
X,0.9054545455,695,Robert Fox,Robert Wood,Q19559,E.A.T. Knowledge Graph Project
X,0.9356643357,699,Jackie Cassen,Jackie Cain,Q669,Linked Jazz Oral History Network
X,0.9136363636,704,David Chapin,David Chung,Q24990,Asian American Arts Centre Exhibition History
X,0.9279487179,710,Roger Doering,Roger Dickerson,Q21025,Local 496
,1,713,Joerg Gutzeit,Joerg Gutzeit,Q26793,E.A.T. Knowledge Graph Project
,1,714,Atlantic Richfield Company,Atlantic Richfield Company,Q23217,E.A.T. Knowledge Graph Project
X,0.9314285714,715,Walter Delaney,Walter Delarose,Q20804,Local 496
,1,719,Eugene Dolgoff,Eugene Dolgoff,Q26565,E.A.T. Knowledge Graph Project
X,0.9246753247,724,David Johnston,David Jones,Q1625,Linked Jazz Oral History Network
X,0.9005128205,741,Walter Fowski,Walter Lewis,Q20875,Local 496
X,0.9047619048,746,Richard Fraenkel,Richard Mclean,Q1575,Linked Jazz Oral History Network
X,0.9326270221,748,University of Chicago,University of Michigan,Q2032,Linked Jazz Oral History Network
X,0.9076923077,763,Robert Harlow,Robert Harris,Q1122,Linked Jazz Oral History Network
,0.9288461538,778,Licio Isolani,Lucio Isolani,Q26349,E.A.T. Knowledge Graph Project
X,0.9085714286,779,James  Calonis,James Coen,Q27566,
,0.9888888889,790,Aleksandra  Kasuba,Aleksandra Kasuba,Q26345,E.A.T. Knowledge Graph Project
X,0.9246753247,791,George Klauber,George Kern,Q19289,E.A.T. Knowledge Graph Project
X,0.9095238095,796,Robert  Kragen,Robert Fagan,Q19554,E.A.T. Knowledge Graph Project
X,0.9020979021,806,David  Lawner,David Baker,Q1096,Linked Jazz Oral History Network
X,0.9033333333,815,Charles  Livingstone,Charles Love,Q20877,Local 496
X,0.9047619048,820,William Hayett,William Matthews,Q20880,Local 496
,0.9846153846,823,Aaron  Marcus,Aaron Marcus,Q26339,E.A.T. Knowledge Graph Project
,0.9708333333,839,Bo  Hall,Bo Hall,Q26809,E.A.T. Knowledge Graph Project
X,0.9020979021,850,Eric Martin,Eric Saarinen,Q24462,E.A.T. Knowledge Graph Project
,1,851,Columbia University,Columbia University,Q24351,E.A.T. Knowledge Graph Project
X,0.9279487179,862,George Quittner,George Winter,Q26814,E.A.T. Knowledge Graph Project
,0.9136363636,874,Bob  Schultz,Bob Schuler,Q19185,E.A.T. Knowledge Graph Project
X,0.9205128205,895,Charles Tafra,Charles Ward,Q22511,Linking Lost Jazz Shrines
X,0.9446153846,896,Joshua Friedman,Joshua Redman,Q485,Linked Jazz Oral History Network
X,0.9112820513,911,Michael Venezia,Michael Caine,Q1800,Linked Jazz Oral History Network
X,0.9008547009,913,David Melamed,David Lee,Q21046,Local 496
X,0.9,916,Michael Paluska,Michael Nash,Q1694,Linked Jazz Oral History Network
X,0.9525641026,919,Jack Weisberg,Jack Lesberg,Q1076,Linked Jazz Oral History Network
X,0.9142857143,928,Robert Wiegand,Robert Whitman,Q19558,E.A.T. Knowledge Graph Project
,0.9641025641,944,United States Information Agency (USIA),United States Information Agency,Q19649,E.A.T. Knowledge Graph Project
,0.9166890581,946,Central Labour Council,Central Labor Council AFL-CIO,Q23218,E.A.T. Knowledge Graph Project
X,0.9384615385,955,Marion Javits,Marion Davies,Q1830,Linked Jazz Oral History Network
X,0.9142857143,959,Jennifer Licht,Jennifer Scott,Q18963,Linking Lost Jazz Shrines
X,0.9214285714,960,Elizabeth Shaw,Elizabeth Thomas,Q20714,Women of Jazz
X,0.9038095238,964,Florence Beller,Florence Mills,Q1170,Linked Jazz Oral History Network
X,0.9038095238,965,Barbara Lasalle,Barbara Walter,Q297,Linked Jazz Oral History Network
X,0.9343822844,967,Robert Hayden,Robert Henry,Q21354,E.A.T. Bibliography Project
X,0.9358974359,969,Charles Smith,Charlie Smith,Q1256,Linked Jazz Oral History Network
X,0.9020979021,973,Harry Cohen,Harry Connick,Q1601,Linked Jazz Oral History Network
,0.956043956,979,Dolores Homes,Doloris Holmes,Q26337,E.A.T. Knowledge Graph Project
X,0.9,982,William Schwartz,William Schumann,Q722,Linked Jazz Oral History Network
X,0.9054545455,992,John Brundo,John Bunch,Q1216,Linked Jazz Oral History Network